{"cameraMode":{"drawMode":0,"name":"Shaded","section":"Shading Mode"},"sceneLighting":false,"audioPlay":false,"sceneViewState":{"m_AlwaysRefresh":false,"showFog":true,"showSkybox":false,"showFlares":true,"showImageEffects":true,"showParticleSystems":true,"showVisualEffectGraphs":true,"m_FxEnabled":true},"in2DMode":false,"pivot":{"x":0.6488041877746582,"y":2.043867826461792,"z":0.027706552296876909},"rotation":{"x":-0.34687912464141848,"y":-0.019598647952079774,"z":0.0072520519606769089,"w":-0.9377151727676392},"size":2.39603590965271,"orthographic":false}