{"cameraMode":{"drawMode":0,"name":"Shaded","section":"Shading Mode"},"sceneLighting":true,"audioPlay":false,"sceneViewState":{"m_AlwaysRefresh":false,"showFog":true,"showSkybox":true,"showFlares":true,"showImageEffects":true,"showParticleSystems":true,"showVisualEffectGraphs":true,"m_FxEnabled":true},"in2DMode":false,"pivot":{"x":-0.6189972162246704,"y":-96.73482513427735,"z":160.6435089111328},"rotation":{"x":0.28057926893234255,"y":-0.004319437779486179,"z":0.0012625179952010513,"w":0.9598301649093628},"size":107.44432830810547,"orthographic":false}