{"cameraMode":{"drawMode":0,"name":"Shaded","section":"Shading Mode"},"sceneLighting":true,"audioPlay":false,"sceneViewState":{"m_AlwaysRefresh":false,"showFog":true,"showSkybox":true,"showFlares":true,"showImageEffects":true,"showParticleSystems":true,"showVisualEffectGraphs":true,"m_FxEnabled":true},"in2DMode":false,"pivot":{"x":0.4532293677330017,"y":-89.03055572509766,"z":165.35020446777345},"rotation":{"x":0.2603648006916046,"y":-0.0014484500279650093,"z":0.00039044374716468155,"w":0.9655189514160156},"size":107.44432830810547,"orthographic":false}