{"cameraMode":{"drawMode":0,"name":"Shaded","section":"Shading Mode"},"sceneLighting":true,"audioPlay":false,"sceneViewState":{"showFog":true,"showMaterialUpdate":false,"showSkybox":true,"showFlares":true,"showImageEffects":true,"showParticleSystems":true},"in2DMode":false,"pivot":{"x":2.5054771900177,"y":3.7761805057525636,"z":3.0669445991516115},"rotation":{"x":-0.062035512179136279,"y":0.926602840423584,"z":-0.17610029876232148,"w":-0.32641810178756716},"size":10.0,"orthographic":false}